,Timestamp,Username,terms and conditions,Name,Equipment Sjoeskrenten,Equipment Ski/Snowscooter,Comments
0,2021/04/14 3:53:53 PM GMT+2,Ariane@example.com,I have read and accepted the terms and conditions,Ariane,"11,41,43,44,46",,
1,2021/04/18 6:42:57 PM GMT+2,Krystina@example.com,I have read and accepted the terms and conditions,Krystina,"6,9,43,42,41,46","1120,1143,1168,1170,1169",
2,2021/04/18 6:58:08 PM GMT+2,Jetta@example.com,I have read and accepted the terms and conditions,Jetta,"9,41,43,44,46,47,49,52,54,55,70",,
3,2021/04/18 6:59:22 PM GMT+2,Marvin@example.com,I have read and accepted the terms and conditions,Marvin,"9,41,43,44,46,47,49,52,53,54,55,60,61,66,70","1100, 1108,1109,1111,1112,1110,1124,1124,1124,119,1120,1121,1122,1126, 1131, 1139, 1148, 1153,1164,1168,1169,1172,1173,1174",
4,2021/04/18 10:08:14 PM GMT+2,Deann@example.com,I have read and accepted the terms and conditions,Deann,,"1109,1112",
5,2021/04/19 12:02:22 AM GMT+2,Toya@example.com,I have read and accepted the terms and conditions,Toya,63,"1109,1112",
6,2021/04/19 12:03:50 AM GMT+2,Carlo@example.com,I have read and accepted the terms and conditions,Carlo,9,"1096, 1109,1112",
7,2021/04/19 12:15:25 AM GMT+2,Krystina@example.com,I have read and accepted the terms and conditions,Krystina,"9,41,42,43","1112,1120,1143,1170",
8,2021/04/19 7:59:09 AM GMT+2,Brennon@example.com,I have read and accepted the terms and conditions,Brennon,,1109,
9,2021/04/19 8:31:13 AM GMT+2,Silver@example.com,I have read and accepted the terms and conditions,Silver,"9,9,20,20,25,28,29,32,41,42","1109,1111,1112,1126",
10,2021/04/19 9:30:45 AM GMT+2,Ellison@example.com,I have read and accepted the terms and conditions,Ellison,"6,9,16,19,19,19,20,20,20,20,25,27,28,29,31,32,35,41,43,44,46,52,53,60,63","1097,1098,1109,1112,1116",
11,2021/04/19 11:37:19 AM GMT+2,Ronan@example.com,I have read and accepted the terms and conditions,Ronan,"9,20,42,43,46,47,60,70","1098,1109,1110,1111,1112",
12,2021/04/19 2:47:38 PM GMT+2,Elsa@example.com,I have read and accepted the terms and conditions,Elsa,9,1109,
13,2021/04/19 5:14:31 PM GMT+2,Anthony@example.com,I have read and accepted the terms and conditions,Anthony,"9,41,43,46,54,60,66,70","1095,1109,1112,1114,1126,1175",
14,2021/04/19 7:10:50 PM GMT+2,Lorene@example.com,I have read and accepted the terms and conditions,Lorene,"20,20,25,32,41,46,60,6,41,49,70","1101,1120,1139,1175",
15,2021/04/20 9:55:58 AM GMT+2,Averi@example.com,I have read and accepted the terms and conditions,Averi,"9,60,61,63","1102,1109,1111",
16,2021/04/20 2:10:32 PM GMT+2,Shade@example.com,I have read and accepted the terms and conditions,Shade,43,"1097,1109,1119,1120,1128,1137,1168,1169",
17,2021/04/20 2:13:40 PM GMT+2,Shaniece@example.com,I have read and accepted the terms and conditions,Shaniece,9,,
18,2021/04/20 2:21:10 PM GMT+2,Jovita@example.com,I have read and accepted the terms and conditions,Jovita,"9,60","1122,1126,1141,1154,1168,1172",
19,2021/04/20 2:25:43 PM GMT+2,Denine@example.com,I have read and accepted the terms and conditions,Denine,"6,9,41,43,44,46,47,49,52,53,54,60,64,66,67,69,70","1101,1101,1102,1109,1110,1111,1112,1114,1114,1116,1119,1120,1121,1122,1132,1140,1153,1168,1169,1172,1175",
20,2021/04/20 4:04:16 PM GMT+2,Don@example.com,I have read and accepted the terms and conditions,Don,"6,41,42,43,44,46,60,63","1103,1104,1119,1120,1134,1142,1168",
21,2021/04/20 4:48:02 PM GMT+2,Kalene@example.com,I have read and accepted the terms and conditions,Kalene,"9,41","1109,1112,1120,1138,1170,1126",
22,2021/04/20 5:29:12 PM GMT+2,Wellington@example.com,I have read and accepted the terms and conditions,Wellington,"9,41,42,43,46,49,52,53,54,60,66,70","1102,1109,1110,1111,1112,1114,1115,1116,1120,1121,1123,1140,1149,1153,1158,1168,1169",
23,2021/04/20 5:36:17 PM GMT+2,Leandra@example.com,I have read and accepted the terms and conditions,Leandra,"9,61","1119,1122,1123,1126,1128,1152,1157,1168,1172",
24,2021/04/20 6:14:59 PM GMT+2,Jase@example.com,I have read and accepted the terms and conditions,Jase,"6, 41, 49, 70","Pulk, 1175",
25,2021/04/20 6:41:18 PM GMT+2,Yessenia@example.com,I have read and accepted the terms and conditions,Yessenia,60,"1119,1120,1124,1132,1134,1133,1141,1142,1143,1168",
26,2021/04/20 6:43:31 PM GMT+2,Lemma@example.com,I have read and accepted the terms and conditions,Lemma,"9,41,42,43,46,49,63,66","1119,1120,1123,1124,1132,,1141,1158,1168,1175",
27,2021/04/20 7:20:10 PM GMT+2,Maleah@example.com,I have read and accepted the terms and conditions,Maleah,"6,9,41,43,46,53,54,55,67,70,71","1100,1101,1109,1112,1114,1175",
28,2021/04/20 8:54:24 PM GMT+2,Gladyce@example.com,I have read and accepted the terms and conditions,Gladyce,"6,33,41,41,42,43,44,46,49,52,53,54,55,66,70","1099,1111,1112,1114,1115,1119,1120,1130,1138,1168,1169,1175",
29,2021/04/20 8:56:50 PM GMT+2,Lizabeth@example.com,I have read and accepted the terms and conditions,Lizabeth,"41,43,46,60,67","1109,1112,1124,1164",
30,2021/04/20 9:33:40 PM GMT+2,Rey@example.com,I have read and accepted the terms and conditions,Rey,"66,70","1099,1109,1112",
31,2021/04/20 10:22:53 PM GMT+2,Halbert@example.com,I have read and accepted the terms and conditions,Halbert,9,,
32,2021/04/20 10:35:36 PM GMT+2,Ariella@example.com,I have read and accepted the terms and conditions,Ariella,"46, 66, 41, 41, 43, 49, 52, 55, 54, 47","1098, 1099, 1109, 1111, 1112, 1110, 1114, 1116, 1116, 1169, 1168, 1120, 1137, 1126, 1119, 1129",
33,2021/04/20 11:16:12 PM GMT+2,Giselle@example.com,I have read and accepted the terms and conditions,Giselle,"6,9,26,27,41,43,44,46,47,49,50,52,53,54,55,61,63,66,67,69,70","1102,1109,1112,1119,1120,1122,1123,1124,1126,1132,1140,1153,1158,1164,1168,1169,1170,1172,1175",
34,2021/04/21 1:10:38 AM GMT+2,Aria@example.com,I have read and accepted the terms and conditions,Aria,"9,20,20,20,25,26,26,27,28,29,34,46,63,70","1112,1114,1119,1131,1168",
35,2021/04/21 1:10:43 AM GMT+2,Fredy@example.com,I have read and accepted the terms and conditions,Fredy,"6,9,41,43,46,49,52,66,70","1104,1109,1111,1112,1119,1133,1168,1169,1175",
36,2021/04/21 8:50:13 AM GMT+2,Keith@example.com,I have read and accepted the terms and conditions,Keith,"9,41,43",1109,
37,2021/04/21 8:56:50 AM GMT+2,Joslyn@example.com,I have read and accepted the terms and conditions,Joslyn,"9,43,41","1100,1108,1109,1110,1111,1112,1121",
38,2021/04/21 9:11:50 AM GMT+2,Alvena@example.com,I have read and accepted the terms and conditions,Alvena,"9,41,60","1109,1112,1121,1147,1168",
39,2021/04/21 9:14:23 AM GMT+2,Webster@example.com,I have read and accepted the terms and conditions,Webster,"9,63",1112,
40,2021/04/21 9:16:37 AM GMT+2,Alleen@example.com,I have read and accepted the terms and conditions,Alleen,"9,60,63","1099,1100,1147,1121,1168",
41,2021/04/21 9:22:18 AM GMT+2,Rosanne@example.com,I have read and accepted the terms and conditions,Rosanne,9,1112,
42,2021/04/21 9:32:07 AM GMT+2,Marsha@example.com,I have read and accepted the terms and conditions,Marsha,"6,19,20,27,31,32,33,41,41,42,43,44,46,47,49,52,53,55,63,66,67,69,70","1100,1109,1111,1112,1114,1115,1116,1116,1119,1120,1134,1142,1168,1169,1170,1175",
43,2021/04/21 9:38:47 AM GMT+2,Dafne@example.com,I have read and accepted the terms and conditions,Dafne,"9,32,63,70",,
44,2021/04/21 9:57:35 AM GMT+2,Karyl@example.com,I have read and accepted the terms and conditions,Karyl,46,"1109,1120",
45,2021/04/21 11:13:33 AM GMT+2,Jenniffer@example.com,I have read and accepted the terms and conditions,Jenniffer,"9,60","1109,1126",
46,2021/04/21 11:35:05 AM GMT+2,Issac@example.com,I have read and accepted the terms and conditions,Issac,"6,9,41,42,43,44,46,49,52,60,66,67,69,70","1114,1115,1116,1119,1120,1122,1131,1139,1153,1168,1169,1172,1175",
47,2021/04/21 11:48:56 AM GMT+2,Yaretzi@example.com,I have read and accepted the terms and conditions,Yaretzi,"9,41,43,11,49,52,66","1100,1119,1120,1131,1139,1168,1169,1175",
48,2021/04/21 12:11:39 PM GMT+2,Ashlee@example.com,I have read and accepted the terms and conditions,Ashlee,11,"1103, 1108, 1109, 1175",
49,2021/04/21 12:14:24 PM GMT+2,Nichol@example.com,I have read and accepted the terms and conditions,Nichol,"6,9,16,19,27,31,41,42,43,44,46,47,49,50,52,53,54,55,63,66,67,70","1103,1109,1111,1112,1120,1142,1168,1169,1170,1175",
50,2021/04/21 12:58:29 PM GMT+2,Jaheim@example.com,I have read and accepted the terms and conditions,Jaheim,"41,43,47","1109,1110,1112,1122",
51,2021/04/21 1:06:28 PM GMT+2,Jane@example.com,I have read and accepted the terms and conditions,Jane,9,,
52,2021/04/21 1:13:47 PM GMT+2,Emilie@example.com,I have read and accepted the terms and conditions,Emilie,"9,19,49,60","1109,1111,1112",
53,2021/04/21 1:15:05 PM GMT+2,Cordelia@example.com,I have read and accepted the terms and conditions,Cordelia,"41,9,60,43,43,44,55,66,52","1109,1168,1111,1114,1115,1122",
54,2021/04/21 2:00:39 PM GMT+2,Ever@example.com,I have read and accepted the terms and conditions,Ever,"41, 43, 46",,
55,2021/04/21 2:39:27 PM GMT+2,Gladstone@example.com,I have read and accepted the terms and conditions,Gladstone,"42,43,46",,
56,2021/04/21 2:43:42 PM GMT+2,Mathilda@example.com,I have read and accepted the terms and conditions,Mathilda,"6,70",,
57,2021/04/21 2:48:04 PM GMT+2,Orlando@example.com,I have read and accepted the terms and conditions,Orlando,9,"1108, 1119, 1126, 1131, 1168, 1169",
58,2021/04/21 2:57:16 PM GMT+2,Jens@example.com,I have read and accepted the terms and conditions,Jens,"44,46,60,26,63","1112,1112,1175,1102",
59,2021/04/21 3:11:01 PM GMT+2,Tandy@example.com,I have read and accepted the terms and conditions,Tandy,"9,41,43,46,70,49","1098,1109,1111,1112,1124,1161,1175,1169",
60,2021/04/21 3:15:26 PM GMT+2,Angelia@example.com,I have read and accepted the terms and conditions,Angelia,"41,53,66","1109,1112,1115",
61,2021/04/21 3:21:11 PM GMT+2,Nylah@example.com,I have read and accepted the terms and conditions,Nylah,"6,43,44,46,49,52,53,66,67",1175,
62,2021/04/21 3:26:24 PM GMT+2,Arlyn@example.com,I have read and accepted the terms and conditions,Arlyn,"9,60",1168,
63,2021/04/21 3:29:09 PM GMT+2,Loree@example.com,I have read and accepted the terms and conditions,Loree,"6,41,43,46,49,61","1120,1122,1126,1140,1154,1168,1172,1169",
64,2021/04/21 3:30:19 PM GMT+2,Karren@example.com,I have read and accepted the terms and conditions,Karren,"41,41,46,44,66,47,47,70,49,43,43,52,52","1122,1155,1168,1172,1114,1115,1175",
65,2021/04/21 3:39:11 PM GMT+2,Emmitt@example.com,I have read and accepted the terms and conditions,Emmitt,"41,13,43, 49,52,61,60,70","1109,1114,1119,1120,1124,1126,1132,1133,1142,11681169,1170",
66,2021/04/21 3:44:05 PM GMT+2,Uriel@example.com,I have read and accepted the terms and conditions,Uriel,"46,49,52","1124,1165",
67,2021/04/21 3:45:55 PM GMT+2,Thresa@example.com,I have read and accepted the terms and conditions,Thresa,"41,43,46,49,52,60,63","1114,1119,1120,1124,1165,1169,1175",
68,2021/04/21 3:46:18 PM GMT+2,Anderson@example.com,I have read and accepted the terms and conditions,Anderson,"6,20,20,20,46,68,69,70","1099,1109,1112",
69,2021/04/21 3:49:05 PM GMT+2,Carmine@example.com,I have read and accepted the terms and conditions,Carmine,"9,28,41,42,43,46,","1121,1150",
70,2021/04/21 3:57:43 PM GMT+2,Diandra@example.com,I have read and accepted the terms and conditions,Diandra,"9,41,43,44,46,49,52,53,60,67,69","1097,1109,1175",
71,2021/04/21 3:58:28 PM GMT+2,Tanja@example.com,I have read and accepted the terms and conditions,Tanja,"41, 43, 46, 52, 53, 55, 60, 70","1099, 1108, 1109, 1110, 1111, 1122, 1154, 1172, ",
72,2021/04/21 4:01:59 PM GMT+2,Gisselle@example.com,I have read and accepted the terms and conditions,Gisselle,"6,12,20, 26, 41, 42, 43, 46","1097, 1112",
73,2021/04/21 4:16:27 PM GMT+2,Linton@example.com,I have read and accepted the terms and conditions,Linton,9,"1099,43",
74,2021/04/21 5:06:27 PM GMT+2,Otho@example.com,I have read and accepted the terms and conditions,Otho,"63,66,60,55,52,49,42,43,46,41,25,25,19,19,19,20","1097,1098,1099,1114,1115",
75,2021/04/21 5:12:11 PM GMT+2,Adrianne@example.com,I have read and accepted the terms and conditions,Adrianne,"25,28,29,41,43,46,60,63,66","1097,1098,1099,1112,1114",
76,2021/04/21 5:16:02 PM GMT+2,Nikhil@example.com,I have read and accepted the terms and conditions,Nikhil,"20,20,2041,43,46","1099,1100,1120",
77,2021/04/21 5:20:13 PM GMT+2,Sibyl@example.com,I have read and accepted the terms and conditions,Sibyl,"9,18,26,41,43,44,46,60,61,63","1104,1109,1111,1112,116,1120,1122,1124,1126,1141,1154,1165,1168,1169",
78,2021/04/24 10:01:00 AM GMT+2,Toya@example.com,I have read and accepted the terms and conditions,Toya,63,"1109,1112",
79,2021/04/29 11:43:42 AM GMT+2,Anthony@example.com,I have read and accepted the terms and conditions,Anthony,"9,41,43,46,54,60,66,70","1095,1109,1112,1114,1126,1175",
80,2021/05/03 9:22:45 AM GMT+2,Averi@example.com,I have read and accepted the terms and conditions,Averi,"9,60,61,63","1102,1109,1111",
81,2021/05/03 12:51:06 PM GMT+2,Merna@example.com,I have read and accepted the terms and conditions,Merna,9,"1112,1102",
82,2021/05/03 1:21:27 PM GMT+2,Verlie@example.com,I have read and accepted the terms and conditions,Verlie,"9,9,6,70,46","1102,1109,1109,1113,1111,1112,1112",
83,2021/05/03 2:26:08 PM GMT+2,Shyann@example.com,I have read and accepted the terms and conditions,Shyann,"9,43",1120,
84,2021/05/03 4:33:04 PM GMT+2,Halbert@example.com,I have read and accepted the terms and conditions,Halbert,9,,
85,2021/05/03 8:10:32 PM GMT+2,Kalene@example.com,I have read and accepted the terms and conditions,Kalene,"9,41,","1109,1112,1120,1126,1138,",
86,2021/05/03 9:23:43 PM GMT+2,Alleen@example.com,I have read and accepted the terms and conditions,Alleen,"9,60,63","1099,1100",
87,2021/05/04 9:25:43 AM GMT+2,Selena@example.com,I have read and accepted the terms and conditions,Selena,9,1109,
88,2021/05/04 10:47:28 AM GMT+2,Shaniece@example.com,I have read and accepted the terms and conditions,Shaniece,9,,
89,2021/05/04 11:16:23 AM GMT+2,Jovita@example.com,I have read and accepted the terms and conditions,Jovita,"9,60","1154,1172,1122,1168,1126",
90,2021/05/04 11:18:37 AM GMT+2,Shade@example.com,I have read and accepted the terms and conditions,Shade,43,"1097,1109,1120,1137,1168,1169",
91,2021/05/04 12:47:48 PM GMT+2,Webster@example.com,I have read and accepted the terms and conditions,Webster,"9,63",1112,
92,2021/05/04 1:40:17 PM GMT+2,Ariane@example.com,I have read and accepted the terms and conditions,Ariane,"11,41,43,44,46",,
93,2021/05/04 2:34:59 PM GMT+2,Loree@example.com,I have read and accepted the terms and conditions,Loree,"6,41,43,46,49,61,52,55","1120,1122,1126,1140,1154,1168,1170,1172,1169",
94,2021/05/04 4:48:11 PM GMT+2,Lutie@example.com,I have read and accepted the terms and conditions,Lutie,"52, 53,41,43,44,46,26,6","1119,1168,1126",
95,2021/05/04 5:01:34 PM GMT+2,Jane@example.com,I have read and accepted the terms and conditions,Jane,9,,
96,2021/05/04 5:29:50 PM GMT+2,Reyna@example.com,I have read and accepted the terms and conditions,Reyna,9,,
97,2021/05/04 6:24:02 PM GMT+2,Jaheim@example.com,I have read and accepted the terms and conditions,Jaheim,"41,47","1109,1110,1112,1122",
98,2021/05/04 9:22:39 PM GMT+2,Jetta@example.com,I have read and accepted the terms and conditions,Jetta,"6,9,19,20,26,29,31,32,33,41,43,43,44,46,47,49,49,50,52,53,55,63,66,69,70,70","1098,1108,1109,1111,1112,1114,1116,1122,1152,1172",
99,2021/05/04 10:15:49 PM GMT+2,Ronan@example.com,I have read and accepted the terms and conditions,Ronan,"9,42,43,46,47,60","1098,1109,1110,1111,1112",
100,2021/05/04 10:56:20 PM GMT+2,Aria@example.com,I have read and accepted the terms and conditions,Aria,"9,20,20,20,25,26,26,27,28,29,34,46,63","1112,1119,1120,1131,1139,1168",
101,2021/05/05 12:34:53 AM GMT+2,Tandy@example.com,I have read and accepted the terms and conditions,Tandy,"9,41,43,46,70,49","1098,1109,1111,1112,1124,1161,1175,1169",
102,2021/05/05 8:07:46 AM GMT+2,Alanzo@example.com,I have read and accepted the terms and conditions,Alanzo,"6,46,53,54,61,70,71","1100,1101,1109,1112,1114,1175",
103,2021/05/05 9:12:37 AM GMT+2,Antwan@example.com,I have read and accepted the terms and conditions,Antwan,"9,60,61,70","1100,1108,1109,1110,1111,1112,1124,1124,1124,1132,1122,1121,1120,1119,1140,1164,1168,1169,1175,1153,1148, ",
104,2021/05/05 9:27:55 AM GMT+2,Karyl@example.com,I have read and accepted the terms and conditions,Karyl,46,"1108, 1109, 1120",
105,2021/05/05 9:31:48 AM GMT+2,Joslyn@example.com,I have read and accepted the terms and conditions,Joslyn,"9,41,43,46,52,53,54,66","1100,1108,1109,1110,1111,1112,1119,1120,1121,1126",
106,2021/05/05 9:35:14 AM GMT+2,August@example.com,I have read and accepted the terms and conditions,August,"41,43,47,52,53","1109,1110,1112,1122",
107,2021/05/05 9:59:48 AM GMT+2,Issac@example.com,I have read and accepted the terms and conditions,Issac,"9,41,42,43,60,66,69,70","1119,1120,1122,1126,1131,1139,1153,1168,1169",
108,2021/05/05 10:20:44 AM GMT+2,Ellison@example.com,I have read and accepted the terms and conditions,Ellison,"9, 16,19,19,19,20,20,20,25,27,28,29,31,32,35,41,43,46,60, 63","1097,1098,1109,1112,1116",
109,2021/05/05 10:45:43 AM GMT+2,Fredy@example.com,I have read and accepted the terms and conditions,Fredy,"6,9,41,43,46,49,52,53,66,70","1105,1109,1111,1112,1119,1133,1168,1169,1175",
110,2021/05/05 11:06:58 AM GMT+2,Yaretzi@example.com,I have read and accepted the terms and conditions,Yaretzi,"9,41,43,46,49,52,66","1099,1119,1120,1131,1139,1168,1169,1175",
111,2021/05/05 11:19:19 AM GMT+2,Keith@example.com,I have read and accepted the terms and conditions,Keith,"9,41",1109,
112,2021/05/05 11:36:36 AM GMT+2,Giselle@example.com,I have read and accepted the terms and conditions,Giselle,"9,61","1119,1120,1122,1124,1126,1132,1140,1153,1164,1168,1169,1170,1172",
113,2021/05/05 11:43:54 AM GMT+2,Chelsey@example.com,I have read and accepted the terms and conditions,Chelsey,"6, 41, 49, 70",Pulk 1175,
114,2021/05/05 11:54:46 AM GMT+2,Lorene@example.com,I have read and accepted the terms and conditions,Lorene,"6,41,49,70,32,41,46,60,70","1101,1175,1169,1120,1140",
115,2021/05/05 12:02:54 PM GMT+2,Angelia@example.com,I have read and accepted the terms and conditions,Angelia,"41,66","1109,1112,1115",
116,2021/05/05 12:08:01 PM GMT+2,Cordelia@example.com,I have read and accepted the terms and conditions,Cordelia,"9,41,43,43,60","1109,1111,1120,1126,1140,1168,1169",
117,2021/05/05 12:11:08 PM GMT+2,Marsha@example.com,I have read and accepted the terms and conditions,Marsha,"6,19,31,33,41,41,42,43,44,46,47,49,52,53,55,66,67,70","1100,1109,1111,1112,1114,1119,1120,1134,1142,1168,1169,1170",
118,2021/05/05 12:56:14 PM GMT+2,Emilie@example.com,I have read and accepted the terms and conditions,Emilie,"9,60,19,49","1109,1111,1112",
119,2021/05/05 12:57:34 PM GMT+2,Ariella@example.com,I have read and accepted the terms and conditions,Ariella,"6, 46, 66, 41, 41, 43","1098, 1099, 1109, 1112, 1110, 1114, 1116, 1116, 1169, 1168, 1120, 1137, 1122, 1152, 1172, 1126, 1119, 1129",
120,2021/05/05 12:58:00 PM GMT+2,Rhoda@example.com,I have read and accepted the terms and conditions,Rhoda,"41,43,46",,
121,2021/05/05 1:00:59 PM GMT+2,Emmitt@example.com,I have read and accepted the terms and conditions,Emmitt,"41,43,61,63,70,","1114,1124,1119,1120,1126,1132,1133,1149,1150,1168,1169,1170,",
122,2021/05/05 1:20:21 PM GMT+2,Wellington@example.com,I have read and accepted the terms and conditions,Wellington,"9,53,54,60,66,70","1102,119,1110,1111,1112,1114,1116,1120,1121,1122,1123,1149,1153,1158,1168,1169,1172",
123,2021/05/05 1:38:38 PM GMT+2,Jenniffer@example.com,I have read and accepted the terms and conditions,Jenniffer,"9,60","1109,1126",
124,2021/05/05 1:40:30 PM GMT+2,Rey@example.com,I have read and accepted the terms and conditions,Rey,"66,70","1099,1109,1112",
125,2021/05/05 1:41:18 PM GMT+2,Leandra@example.com,I have read and accepted the terms and conditions,Leandra,"9,61","1119,1122,1126,1128,1152,1168,1172",
126,2021/05/05 1:41:58 PM GMT+2,Gladyce@example.com,I have read and accepted the terms and conditions,Gladyce,"33,41,42,43,46,66,70","1099,1111,1114,1115,1119,1120,1130,1138,1169",
127,2021/05/05 1:44:07 PM GMT+2,Don@example.com,I have read and accepted the terms and conditions,Don,"6,41,42,43,46,60,63,","1103,1104,1109,1119,1120,1134,1142,1168",
128,2021/05/05 1:44:57 PM GMT+2,Diandra@example.com,I have read and accepted the terms and conditions,Diandra,"9,41,43,44,49,52,53,60,67","1109,1122,1126,1152,1175",
129,2021/05/05 1:45:18 PM GMT+2,Carmine@example.com,I have read and accepted the terms and conditions,Carmine,"9,27,41,42,43","1122,1155,1172",
130,2021/05/05 1:45:24 PM GMT+2,Cleone@example.com,I have read and accepted the terms and conditions,Cleone,"41,60,67,","1109,1112",
131,2021/05/05 1:57:48 PM GMT+2,Lutie@example.com,I have read and accepted the terms and conditions,Lutie,"18,18,19,19,20,20,25,31,36,35,35,33,27",,
132,2021/05/05 2:20:24 PM GMT+2,Krystina@example.com,I have read and accepted the terms and conditions,Krystina,"6,9","1112,1120,1143,1170,1169",
133,2021/05/05 2:24:12 PM GMT+2,Nylah@example.com,I have read and accepted the terms and conditions,Nylah,"43,46,52,53,66",,
134,2021/05/05 2:30:36 PM GMT+2,Denine@example.com,I have read and accepted the terms and conditions,Denine,"6,9,41,43,46,47,52,60,70,70","1101,1109,1111,1112,1114,1114,1121,1121,1120,1120,1140,1168,1169",
135,2021/05/05 2:46:45 PM GMT+2,Thresa@example.com,I have read and accepted the terms and conditions,Thresa,"41,43,46,49,52,60,63","1114,1119,1120,1124,1175",
136,2021/05/05 3:12:48 PM GMT+2,Gisselle@example.com,I have read and accepted the terms and conditions,Gisselle,"12, 20, 26, 41, 42, 43, 46, 60, 66","1097, 1098, 1112",
137,2021/05/05 3:15:44 PM GMT+2,Adrianne@example.com,I have read and accepted the terms and conditions,Adrianne,"25,26,28,29,41,43,46,66","1097,1097,1112",
138,2021/05/05 3:21:41 PM GMT+2,Nichol@example.com,I have read and accepted the terms and conditions,Nichol,"6,9,16,19,27,31,41,42,43,44,46,47,49,50,52,53,54,55,63,66,67,68,69,70","1103,1109,1111,1112,1114,1115,1116,1120,1142,1168,1169,1170,1175",
139,2021/05/05 3:22:24 PM GMT+2,Lemma@example.com,I have read and accepted the terms and conditions,Lemma,"9,41,43,46.63,66","1120,1123,1124,1140,1158,1168,1175",
140,2021/05/05 3:25:48 PM GMT+2,Karren@example.com,I have read and accepted the terms and conditions,Karren,"41,41,43,44,47,49,52,66",1122,
141,2021/05/05 3:28:00 PM GMT+2,Reina@example.com,I have read and accepted the terms and conditions,Reina,"9,27,41,43,46,47,60,63","1101,1109,1111,1112,1119,1124,1131,1164,1168",
142,2021/05/05 3:28:07 PM GMT+2,Alphonsus@example.com,I have read and accepted the terms and conditions,Alphonsus,"19,20,21,25,26,41,41,43,46,49,52,55,66","1097,1098,1099,1100,1101,1114,1116",
143,2021/05/05 3:28:10 PM GMT+2,Tawny@example.com,I have read and accepted the terms and conditions,Tawny,"19,20,21,25,26,41,41,43,46,49,52,55,66","1097,1098,1099,1100,1101,1114,1116",
144,2021/05/05 3:30:21 PM GMT+2,Sibyl@example.com,I have read and accepted the terms and conditions,Sibyl,"9,18,41,43,44,46,47,60,61,63","1104,1109,1111,1112,116,1120,1124,1126,1141,1165,1168,1169",
145,2021/05/05 3:35:56 PM GMT+2,Ashlee@example.com,I have read and accepted the terms and conditions,Ashlee,11,"1103, 1108, 1109",
146,2021/05/05 3:37:11 PM GMT+2,Yessenia@example.com,I have read and accepted the terms and conditions,Yessenia,"9,60,66","1119,1120,1133,1134,1141,1142,1143,1124,1165,1166",
147,2021/05/05 3:39:58 PM GMT+2,Carlo@example.com,I have read and accepted the terms and conditions,Carlo,9,"1096,1109,1111,1112",
148,2021/05/05 3:45:51 PM GMT+2,Concha@example.com,I have read and accepted the terms and conditions,Concha,"26,27,41,43,1120",,
149,2021/05/05 3:49:51 PM GMT+2,Anderson@example.com,I have read and accepted the terms and conditions,Anderson,"6,20,20,20,46,70,68,69,60,60,60,60,60,60,60,","1099,1109,1112,1112,1112,1103,1108,1108",
